node_id,baseurl,state,sync,status,mn.count,mn.elapsed,mn.earliest,mn.latest,cn.count,cn.elapsed,cn.earliest,cn.latest,idx.count,idx.elapsed,idx.earliest,idx.latest,tstamp
urn:node:KNB,https://knb.ecoinformatics.org/knb/d1/mn,up,true,200,316136,4.035708665847778,2012-06-14T03:48:31+0000,2026-10-02T00:30:57+0000,67330,8.448071718215942,2012-06-14T03:48:31+0000,2026-10-02T00:30:57+0000,45946,2.534560441970825,2012-06-14T03:48:31.183Z,2026-09-25T21:02:17.508Z,2026-10-06T11:59:34+0000
urn:node:ESA,https://data.esa.org/esa/d1/mn,up,true,200,253,8.389678955078125,2013-03-01T23:51:11+0000,2015-01-06T12:37:08+0000,253,10.967323780059814,2013-03-01T23:51:11+0000,2015-01-06T12:37:08+0000,157,1.3777570724487305,2013-12-21T23:30:14.304Z,2015-01-06T12:37:08.039Z,2026-10-06T11:59:34+0000
urn:node:SANPARKS,https://dataknp.sanparks.org/sanparks/d1/mn,up,false,0,,20.2640163898468,,,6418,10.132758378982544,2012-06-28T20:19:49+0000,2020-03-11T12:08:46+0000,3725,1.0407958030700684,2012-06-15T01:15:28.699Z,2017-04-20T10:46:47.344Z,2026-10-06T11:59:40+0000
urn:node:LTER,https://gmn.lternet.edu/mn,up,true,200,511377,3.956730604171753,2012-06-26T07:33:40+0000,2026-10-05T20:45:15+0000,522938,8.585151433944702,2012-06-26T07:33:12+0000,2026-10-05T20:45:15+0000,440023,1.579132080078125,2012-06-26T07:34:58.993Z,2026-10-03T00:45:08.554Z,2026-10-06T11:59:40+0000
urn:node:CDL,https://merritt-aws.cdlib.org:8084/mn,up,false,0,,0.12284016609191895,,,242115,15.71935749053955,2012-08-12T04:11:32+0000,2020-03-11T12:07:03+0000,158007,0.7245428562164307,2012-08-12T04:11:32.659Z,2014-12-14T23:00:13.344Z,2026-10-06T11:59:34+0000
urn:node:PISCO,https://data.piscoweb.org/metacat/d1/mn,up,true,200,187625,16.529054164886475,,2026-06-26T17:44:59+0000,187565,8.09449291229248,2012-08-24T10:00:30+0000,2026-06-26T17:44:59+0000,178839,1.1906640529632568,2012-07-10T19:23:00.958Z,2026-06-26T17:44:59.779Z,2026-10-06T11:59:34+0000
urn:node:ONEShare,https://oneshare.unm.edu/mn,up,true,0,,20.116804122924805,,,1993,7.363049745559692,2013-01-03T23:00:02+0000,2020-07-31T15:47:52+0000,474,0.8705363273620605,2013-01-03T23:00:02.364Z,2020-07-31T15:47:52.492Z,2026-10-06T11:59:34+0000
urn:node:mnORC1,https://mn-orc-1.dataone.org/knb/d1/mn,up,false,200,87074,9.936054706573486,2026-10-05T21:26:15+0000,2026-10-05T21:56:32+0000,0,21.209917545318604,,,0,0.5028266906738281,,,2026-10-06T11:59:34+0000
urn:node:mnUNM1,https://mn-unm-1.dataone.org/knb/d1/mn,up,false,200,74703,5.26838493347168,2013-11-14T14:00:12+0000,2026-09-15T22:36:32+0000,0,22.60341453552246,,,0,0.4958460330963135,,,2026-10-06T11:59:34+0000
urn:node:mnUCSB1,https://mn-ucsb-1.dataone.org/knb/d1/mn,up,true,200,88760,5.236712455749512,2013-11-14T14:00:12+0000,2026-09-29T18:03:07+0000,1720,11.938538312911987,2020-08-05T23:42:30+0000,2026-09-29T18:03:07+0000,1234,2.014193296432495,2020-08-05T23:42:30.986Z,2026-09-14T18:10:07.069Z,2026-10-06T11:59:34+0000
urn:node:TFRI,https://metacat.tfri.gov.tw/metacat/d1/mn,up,true,200,19505,15.026733160018921,2013-06-12T01:56:10+0000,2026-10-06T09:55:04+0000,11869,11.107023477554321,2013-06-12T02:05:00+0000,2022-10-14T03:05:55+0000,6236,1.59049654006958,2013-06-12T00:57:18.048Z,2022-10-14T03:05:32.289Z,2026-10-06T11:59:34+0000
urn:node:SEAD,http://sead-curbee.ncsa.illinois.edu:8081/sead/rest/mn,up,true,0,,20.042645931243896,,,117,9.232032299041748,2015-06-16T01:19:15+0000,2022-05-10T23:00:05+0000,114,2.4072229862213135,2015-06-16T01:19:15.814Z,2022-05-10T23:00:05.918Z,2026-10-06T11:59:34+0000
urn:node:GOA,https://goa.nceas.ucsb.edu/goa/d1/mn,up,true,200,3295,5.124552965164185,2013-11-06T15:13:39+0000,2023-10-26T16:08:58+0000,3213,9.62120509147644,2014-03-05T22:13:13+0000,2023-10-26T16:07:42+0000,1690,1.7241911888122559,2014-03-05T19:26:04.186Z,2023-10-26T16:07:41.985Z,2026-10-06T11:59:34+0000
urn:node:LTER_EUROPE,https://data.lter-europe.net/knb/d1/mn,up,false,0,,20.232484579086304,,,343,11.330445528030396,2014-05-30T23:15:33+0000,2016-01-14T09:06:57+0000,343,2.2098331451416016,2014-05-30T23:15:33.237Z,2016-01-14T09:06:57.814Z,2026-10-06T11:59:34+0000
urn:node:DRYAD,https://sonode.dataone.org/DRYAD,up,true,200,125472,9.95727252960205,2026-10-01T03:10:43+0000,2026-10-06T03:14:47+0000,494130,20.944467306137085,2014-06-06T04:00:24+0000,2026-10-04T03:10:52+0000,78883,2.2216689586639404,2023-09-12T13:38:41Z,2026-10-03T03:10:51Z,2026-10-06T11:59:34+0000
urn:node:EDACGSTORE,https://gstore.unm.edu/dataone/,up,true,200,1075,19.384827136993408,,,1075,15.513734817504883,2014-06-04T01:02:10+0000,2014-06-19T01:01:27+0000,1067,0.5326063632965088,2014-06-04T01:01:11.14Z,2014-06-19T01:01:27.907Z,2026-10-06T11:59:34+0000
urn:node:IOE,https://data.rcg.montana.edu/catalog/d1/mn,up,false,0,,0.16414904594421387,,,279,11.9124276638031,2014-08-13T18:51:12+0000,2016-06-15T21:35:12+0000,278,1.3118736743927002,2014-08-13T18:51:12.169Z,2016-06-15T21:35:12.872Z,2026-10-06T11:59:35+0000
urn:node:US_MPC,https://dataone-prod.pop.umn.edu/mn,up,true,200,,1.7062451839447021,,,1032,17.24626588821411,2014-12-16T22:42:31+0000,2014-12-16T22:54:58+0000,1032,2.0608339309692383,2014-12-16T22:42:07.21Z,2014-12-16T22:54:58.436Z,2026-10-06T11:59:35+0000
urn:node:TERN,https://dataone.tern.org.au/mn,up,true,200,14727,51.016151428222656,,2019-06-21T07:13:58+0000,14632,12.149749279022217,2015-05-22T02:07:53+0000,2019-06-21T07:13:58+0000,14631,2.4006996154785156,2015-05-22T02:07:53.329Z,2019-06-21T07:13:58.711Z,2026-10-06T11:59:35+0000
urn:node:NKN,https://dataone.northwestknowledge.net/mn,up,true,0,,20.02286148071289,,,48,10.505398035049438,2015-05-30T21:33:49+0000,2016-06-22T15:03:33+0000,46,1.8199000358581543,2015-05-30T21:33:49.382Z,2016-06-22T15:03:33.789Z,2026-10-06T11:59:35+0000
urn:node:USGS_SDC,https://usgs.ornl.gov/USGS_MN/mn/,up,false,0,,0.022121429443359375,,,40185,16.01261329650879,2015-10-27T12:44:08+0000,2019-06-18T12:27:37+0000,21984,1.4704997539520264,2015-11-04T16:25:52.31Z,2018-02-01T07:22:36.773Z,2026-10-06T11:59:35+0000
urn:node:NRDC,https://dataone.sensor.nevada.edu/mn,up,true,0,,20.091049671173096,,,6673,13.111475229263306,2015-11-23T22:53:10+0000,2018-04-06T18:37:01+0000,6672,1.158463954925537,2015-11-23T21:41:32.067Z,2018-04-06T18:37:01.89Z,2026-10-06T11:59:35+0000
urn:node:NCEI,https://ncei-node.dataone.org/mn,up,true,200,51001,12.370393514633179,,,50972,18.343570470809937,2016-04-17T07:00:07+0000,2018-05-10T03:28:11+0000,50967,1.1606340408325195,2016-03-24T21:15:29.816Z,2018-05-10T03:28:11.936Z,2026-10-06T11:59:35+0000
urn:node:PPBIO,https://ppbiodata.inpa.gov.br/metacat/d1/mn,up,true,0,,20.966962814331055,,,4120,5.446958541870117,2013-04-04T21:48:05+0000,2025-05-29T14:57:20+0000,3654,1.2487132549285889,2014-06-18T14:39:46.838Z,2025-05-29T14:57:17.886Z,2026-10-06T11:59:35+0000
urn:node:NEON,https://dataone.neonscience.org/metacat/d1/mn,up,true,0,,0.2554771900177002,,,24221,15.276846170425415,2016-07-08T18:04:50+0000,2019-12-01T19:38:06+0000,21692,0.703167200088501,2019-07-03T21:32:09.984Z,2019-12-01T19:38:06.575Z,2026-10-06T11:59:36+0000
urn:node:TDAR,https://dataone.tdar.org/dataone/,up,true,403,,0.24666357040405273,,,76784,14.848098754882812,2011-12-19T20:47:44+0000,2019-05-29T23:55:35+0000,69052,0.6896853446960449,2009-05-14T16:14:44.15Z,2019-05-29T23:55:35.039Z,2026-10-06T11:59:36+0000
urn:node:ARCTIC,https://arcticdata.io/metacat/d1/mn,up,true,200,1180624,3.4223039150238037,2015-05-08T22:28:14+0000,2026-10-05T23:55:09+0000,,20.227807760238647,,,1018063,1.5203166007995605,2016-06-03T17:14:39.377Z,2026-10-02T21:06:00.859Z,2026-10-06T11:59:36+0000
urn:node:BCODMO,https://sonode.dataone.org/BCODMO,up,true,200,23444,11.503317594528198,,2026-04-06T17:10:32+0000,22812,13.4898521900177,2016-11-13T20:48:43+0000,2026-04-06T17:10:32+0000,22698,1.3290181159973145,2016-11-13T20:48:43Z,2026-04-06T17:10:32Z,2026-10-06T11:59:36+0000
urn:node:GRIIDC,https://sonode.dataone.org/GRIIDC,up,true,200,5826,9.271625280380249,,2026-09-29T15:10:22+0000,12194,7.156145334243774,2016-11-21T21:34:56+0000,2026-09-29T15:10:22+0000,12136,2.6578595638275146,2016-11-21T21:34:56.318Z,2026-09-02T15:10:18Z,2026-10-06T11:59:36+0000
urn:node:R2R,https://r2r-node.dataone.org/mn,up,false,200,1826,13.81153392791748,,2016-12-09T23:16:10+0000,1787,18.8316490650177,2016-12-09T23:19:57+0000,2017-01-26T02:21:39+0000,1787,2.443291425704956,2016-12-09T23:15:39.532Z,2017-01-26T02:21:39.358Z,2026-10-06T11:59:36+0000
urn:node:EDI,https://gmn.edirepository.org/mn,up,true,200,28119,5.8441407680511475,2017-03-30T18:25:10+0000,2026-10-05T20:30:18+0000,27173,3.7709708213806152,2013-10-16T21:09:13+0000,2026-10-05T20:30:18+0000,22875,0.5857362747192383,2017-03-30T18:25:10.825Z,2026-10-02T22:30:10.143Z,2026-10-06T11:59:36+0000
urn:node:RW,https://dataone.researchworkspace.com/mn,up,true,200,11230,8.797272205352783,2019-06-18T19:07:16+0000,2026-10-02T23:15:46+0000,11209,12.094722986221313,2019-06-18T19:07:16+0000,2026-10-02T23:15:46+0000,11098,0.5886974334716797,2019-06-18T19:07:16.17Z,2026-10-02T23:15:46.077Z,2026-10-06T11:59:37+0000
urn:node:FEMC,https://dataone.uvm.edu/mn,up,true,200,12662,12.533716201782227,2017-10-18T03:00:02+0000,2026-09-26T03:00:08+0000,11345,11.947716236114502,2017-10-20T15:03:15+0000,2026-07-08T03:00:07+0000,11021,1.2037849426269531,2017-10-18T03:00:02.519Z,2026-07-08T03:00:07.61Z,2026-10-06T11:59:37+0000
urn:node:PANGAEA,https://sonode.dataone.org/PANGAEA,up,true,200,455080,116.34792971611023,,2026-05-01T13:20:57+0000,902867,74.5419933795929,2018-05-12T03:01:38+0000,2026-05-01T13:20:57+0000,717377,1.3439934253692627,2018-01-05T18:25:02.685Z,2026-05-01T13:20:41Z,2026-10-06T11:59:37+0000
urn:node:ESS_DIVE,https://data.ess-dive.lbl.gov/catalog/d1/mn,up,true,200,87290,5.961097002029419,2018-03-28T23:44:36+0000,2026-10-06T07:00:16+0000,83607,23.36408305168152,2018-03-28T23:44:36+0000,2026-10-06T07:00:11+0000,32790,0.8056924343109131,2018-04-23T18:20:14.994Z,2026-10-03T07:00:58.051Z,2026-10-06T11:59:37+0000
urn:node:CAS_CERN,https://data-en.cern.ac.cn/metacat/d1/mn,up,false,0,,21.385788679122925,,,144,13.270350456237793,2018-09-10T08:25:43+0000,2018-10-25T03:06:33+0000,143,0.7114095687866211,2018-09-10T08:25:43.628Z,2018-10-25T03:06:33.839Z,2026-10-06T11:59:37+0000
urn:node:FIGSHARE_CARY,https://gmn.dataone.org/cary/figshare,up,true,200,202,11.599303722381592,2026-08-14T18:56:58+0000,2026-08-14T18:57:32+0000,168,9.813334465026855,2019-02-21T06:43:02+0000,2026-08-14T18:57:35+0000,168,0.7580890655517578,2019-02-21T06:43:02.713Z,2026-08-14T18:57:35.669Z,2026-10-06T11:59:37+0000
urn:node:IEDA_EARTHCHEM,https://sonode.dataone.org/IEDA_EARTHCHEM,up,true,200,1926,10.03037977218628,,2026-08-17T19:37:50+0000,2705,11.089155197143555,2019-03-04T19:13:59+0000,2026-08-17T19:37:50+0000,2242,0.7924966812133789,2019-03-04T19:13:59.478Z,2026-08-17T19:37:50Z,2026-10-06T11:59:37+0000
urn:node:IEDA_USAP,https://sonode.dataone.org/IEDA_USAP,up,true,200,1669,8.636494874954224,2025-03-11T20:19:39+0000,2026-10-02T14:10:11+0000,2288,14.390921831130981,2019-03-04T21:55:55+0000,2026-09-28T14:10:10+0000,2234,0.6753153800964355,2019-03-04T21:55:55.738Z,2026-09-16T14:10:10Z,2026-10-06T11:59:37+0000
urn:node:IEDA_MGDL,https://gmn.dataone.org/ieda/mgdl,up,true,200,11049,14.470064163208008,,2021-01-18T01:09:08+0000,9734,19.499982118606567,2019-03-04T21:38:55+0000,2021-01-18T04:36:48+0000,9728,0.5002884864807129,2019-03-04T19:24:17.965Z,2021-01-18T04:36:48.838Z,2026-10-06T11:59:37+0000
urn:node:METAGRIL,https://gril.flsh.usherbrooke.ca/metacat/d1/mn,up,false,0,,0.029828310012817383,,,285,12.876776456832886,2019-01-22T23:58:13+0000,2021-07-11T19:23:25+0000,274,0.9645726680755615,2019-01-23T16:27:45.263Z,2021-07-11T19:23:25.635Z,2026-10-06T11:59:37+0000
urn:node:ARM,https://gmn.dataone.org/arm,up,true,200,19616,16.01154088973999,,2021-05-16T05:02:15+0000,19313,23.19373846054077,2019-12-21T05:00:39+0000,2021-11-14T05:05:57+0000,19313,0.5743017196655273,2019-12-19T05:00:09.589Z,2021-11-14T05:05:57.181Z,2026-10-06T11:59:37+0000
urn:node:CA_OPC,https://opc.dataone.org/metacat/d1/mn,up,true,200,7778,8.20977258682251,,2026-10-01T20:58:21+0000,7538,9.072814226150513,2017-07-20T22:57:07+0000,2026-10-01T20:58:21+0000,2815,0.5786237716674805,2020-05-07T21:51:58.048Z,2026-10-01T20:58:19.686Z,2026-10-06T11:59:38+0000
urn:node:PNDB,https://pndb.fr/metacat/d1/mn,up,true,523,,0.16748666763305664,,,782,12.848870992660522,2020-06-26T00:44:59+0000,2024-05-31T15:49:25+0000,677,0.681006669998169,2020-06-26T09:14:38.447Z,2024-05-31T15:49:25.919Z,2026-10-06T11:59:38+0000
urn:node:HYDROSHARE,https://sonode.dataone.org/HYDROSHARE,up,true,200,36377,6.7096405029296875,2021-07-17T18:08:12+0000,2026-10-03T09:24:39+0000,36371,23.682907342910767,2021-07-17T18:08:12+0000,2026-10-03T09:24:39+0000,29935,0.7415215969085693,2021-07-17T18:08:12Z,2026-09-26T09:25:07Z,2026-10-06T11:59:38+0000
urn:node:NPDC,https://sonode.dataone.org/NPDC,up,true,200,106,9.7351815700531,,2026-09-18T08:10:10+0000,106,12.624208450317383,2021-09-11T12:16:31+0000,2026-09-18T08:10:10+0000,55,0.9650895595550537,2021-09-11T12:16:31Z,2026-09-18T08:10:10Z,2026-10-06T11:59:38+0000
urn:node:CERP_SFWMD,https://cerp-sfwmd.dataone.org/metacat/d1/mn,up,true,200,5292,15.163172721862793,,2026-08-28T15:32:45+0000,5182,5.489444971084595,2013-05-20T13:25:08+0000,2026-08-28T15:32:45+0000,4779,0.7949659824371338,2013-05-20T13:25:08.753Z,2026-08-28T15:32:38.85Z,2026-10-06T11:59:38+0000
urn:node:DRP,https://drp.dataone.org/metacat/d1/mn,up,true,200,79127,10.256555557250977,,2026-09-21T13:47:45+0000,,20.22398543357849,,,5828,0.585909366607666,2022-08-02T21:48:19.327Z,2026-09-21T13:47:45.022Z,2026-10-06T11:59:38+0000
urn:node:HAKAI_IYS,https://sonode.dataone.org/HAKAI_IYS/,up,true,200,167619,40.41588234901428,,2023-10-31T18:19:44+0000,,20.225154399871826,,,107437,1.2765803337097168,2022-08-08T18:19:13Z,2023-10-31T18:19:44Z,2026-10-06T11:59:38+0000
urn:node:SCTLD,https://sctld.dataone.org/metacat/d1/mn,up,true,200,3870,10.167324781417847,2026-08-13T17:36:05+0000,2026-10-05T18:45:50+0000,3684,13.19369101524353,2023-01-30T18:28:37+0000,2026-10-05T18:45:25+0000,141,0.6897263526916504,2023-04-13T18:08:56.339Z,2026-06-16T14:09:39.374Z,2026-10-06T11:59:39+0000
urn:node:SFWMD,https://sfwmd.dataone.org/metacat/d1/mn,up,true,200,8638,10.019930124282837,2026-10-01T15:35:14+0000,2026-10-01T15:35:14+0000,8467,11.082149505615234,2012-12-03T09:27:10+0000,2026-10-01T15:35:14+0000,602,0.6316368579864502,2023-12-01T20:46:31.51Z,2026-08-24T11:49:23.419Z,2026-10-06T11:59:39+0000
urn:node:CANWIN,https://sonode.dataone.org/CANWIN,up,true,200,42653,10.668782711029053,,2026-02-05T05:10:14+0000,,20.2224760055542,,,13225,0.7634820938110352,2023-09-11T21:42:32Z,2026-02-05T05:10:14Z,2026-10-06T11:59:39+0000
urn:node:OPENTOPO,https://sonode.dataone.org/OPENTOPO,up,true,200,28748,9.19283127784729,2026-10-02T06:10:52+0000,2026-10-06T06:13:16+0000,27187,32.31297850608826,2023-10-28T00:15:22+0000,2026-10-06T06:11:55+0000,25836,0.9729249477386475,2023-10-03T03:49:45Z,2026-10-03T06:10:56Z,2026-10-06T11:59:39+0000
urn:node:BOREALIS,https://sonode.dataone.org/BOREALIS,up,true,200,25865,8.691716194152832,2024-03-30T04:14:16+0000,2026-09-30T05:04:43+0000,25083,25.83124017715454,2024-03-28T16:44:13+0000,2026-09-30T05:04:43+0000,24745,0.5176284313201904,2023-11-06T20:04:56Z,2026-09-30T05:04:43Z,2026-10-06T11:59:39+0000
urn:node:HD,https://sonode.dataone.org/HD,up,true,200,124974,12.566198825836182,2024-03-07T20:09:08+0000,2026-10-06T05:29:43+0000,,20.225491285324097,,,97827,1.0347280502319336,2023-11-08T01:59:40Z,2026-10-03T06:53:33Z,2026-10-06T11:59:39+0000
urn:node:NSIDC,https://sonode.dataone.org/NSIDC,up,true,200,6855,9.34333086013794,2026-09-13T01:10:08+0000,2026-09-29T01:51:09+0000,6068,17.29490828514099,2023-11-28T23:21:47+0000,2026-09-29T01:51:09+0000,5785,0.9965736865997314,2023-11-28T23:21:47Z,2026-09-29T01:51:09Z,2026-10-06T11:59:39+0000
urn:node:DVNO,https://sonode.dataone.org/DVNO,up,true,200,3519,8.65105676651001,2026-09-22T13:26:11+0000,2026-10-05T13:13:39+0000,3174,16.010000228881836,2024-01-05T15:59:27+0000,2026-10-05T13:13:39+0000,3009,0.7094697952270508,2024-01-05T15:59:27Z,2026-10-02T13:10:19Z,2026-10-06T11:59:39+0000
urn:node:SI,https://smithsonian.dataone.org/metacat/d1/mn,up,true,200,22550,13.77359652519226,2026-10-05T12:16:34+0000,2026-10-05T15:30:51+0000,21850,17.943079471588135,2024-04-26T15:09:21+0000,2026-10-05T15:30:50+0000,7533,0.6054589748382568,2024-07-31T10:49:52.944Z,2026-09-29T12:04:32.267Z,2026-10-06T11:59:40+0000
urn:node:GEM,https://sonode.dataone.org/GEM,up,true,200,34587,9.77940559387207,,2026-09-19T11:41:05+0000,,20.222059965133667,,,32642,0.8842017650604248,2024-06-04T12:55:23Z,2026-09-19T11:41:05Z,2026-10-06T11:59:40+0000
urn:node:CIB,https://cib.dataone.org/metacat/d1/mn,up,true,200,772,9.946019649505615,2026-02-09T19:51:17+0000,2026-09-29T15:27:48+0000,512,13.344750165939331,2024-12-13T20:05:12+0000,2026-09-29T15:27:48+0000,350,0.6066601276397705,2024-12-13T20:05:12.781Z,2026-09-29T15:25:49.487Z,2026-10-06T11:59:40+0000
urn:node:ISRIC,https://sonode.dataone.org/ISRIC,up,true,200,300,9.888160943984985,2026-08-15T00:10:07+0000,2026-08-15T00:10:07+0000,293,14.594797849655151,2025-02-05T14:10:06+0000,2026-08-15T00:10:07+0000,291,0.7704389095306396,2025-02-05T14:10:06Z,2026-08-15T00:10:07Z,2026-10-06T11:59:40+0000
urn:node:SNAP,https://sonode.dataone.org/SNAP,up,true,200,73,10.770028829574585,,2025-11-25T15:12:38+0000,73,17.278905630111694,2025-03-14T22:34:02+0000,2025-11-25T15:12:38+0000,63,1.6308026313781738,2025-03-14T22:34:02Z,2025-11-25T15:12:38Z,2026-10-06T11:59:40+0000
urn:node:BONARES,https://sonode.dataone.org/BONARES,up,true,200,1415,9.846395492553711,,2026-08-17T19:27:05+0000,1383,16.236781120300293,2025-03-21T12:04:16+0000,2026-08-17T19:27:05+0000,1270,0.6943261623382568,2025-03-21T11:57:17Z,2026-08-17T19:27:05Z,2026-10-06T11:59:40+0000
urn:node:GERI,https://geri.dataone.org/metacat/d1/mn,up,true,200,155,13.011882781982422,,2026-08-10T16:40:19+0000,155,16.12574815750122,2026-05-08T04:52:49+0000,2026-08-10T16:40:19+0000,133,1.4169361591339111,2026-05-08T04:52:49.192Z,2026-08-10T16:40:19.071Z,2026-10-06T11:59:40+0000
urn:node:OBIS_SEAMAP,https://sonode.dataone.org/OBIS_SEAMAP,up,true,200,2660,10.360966920852661,,2026-08-17T19:52:22+0000,2660,15.736011743545532,2025-04-18T16:06:00+0000,2026-08-17T19:52:22+0000,1847,0.5844645500183105,2025-08-27T14:45:33Z,2026-08-17T19:52:22Z,2026-10-06T11:59:40+0000
urn:node:GEUS,https://sonode.dataone.org/GEUS,up,true,200,808,9.752720355987549,2025-06-02T20:51:38+0000,2026-08-17T19:43:17+0000,797,17.26474642753601,2025-06-02T16:32:58+0000,2026-08-17T19:43:17+0000,788,0.5283160209655762,2025-06-02T16:32:58Z,2026-08-17T19:43:17Z,2026-10-06T11:59:40+0000
urn:node:FWC,https://fwc.dataone.org/metacat/d1/mn,up,true,200,4383,11.745431900024414,2026-09-08T15:37:04+0000,2026-10-05T14:45:14+0000,4351,17.281430959701538,2025-10-06T21:10:57+0000,2026-10-05T14:45:14+0000,142,0.5182712078094482,2025-10-06T19:57:26.685Z,2026-09-29T17:14:54.635Z,2026-10-06T11:59:40+0000
urn:node:SDR,https://seafloor.dataone.org/metacat/d1/mn,up,false,200,298,8.092660188674927,,2026-10-01T09:43:06+0000,267,15.442090511322021,2025-08-26T15:33:11+0000,2026-09-10T16:09:32+0000,38,0.5094931125640869,2025-08-29T16:54:38.701Z,2026-09-10T16:09:31.549Z,2026-10-06T11:59:40+0000
urn:node:OBIS,https://sonode.dataone.org/OBIS,up,true,200,5310,11.261297702789307,,2026-03-27T22:19:38+0000,5180,17.612152814865112,2025-09-16T01:54:40+0000,2026-03-27T22:19:38+0000,5138,1.1020560264587402,2025-09-15T23:46:01Z,2026-03-27T22:19:38Z,2026-10-06T11:59:40+0000
urn:node:NORDICANA_D,https://sonode.dataone.org/NORDICANA_D,up,true,200,141,10.034812211990356,,2026-08-17T19:26:33+0000,141,15.592100620269775,2025-09-16T19:26:58+0000,2026-08-17T19:26:33+0000,140,0.6572773456573486,2025-09-16T19:26:58Z,2026-08-17T19:26:33Z,2026-10-06T11:59:40+0000
urn:node:PDC,https://sonode.dataone.org/PDC,up,true,200,3044,11.793654680252075,,2026-03-27T20:19:45+0000,2944,24.266751050949097,2026-03-27T20:15:21+0000,2026-03-27T20:19:45+0000,2922,0.6138036251068115,2026-03-27T20:06:18Z,2026-03-27T20:19:45Z,2026-10-06T11:59:40+0000
urn:node:MGDS,https://sonode.dataone.org/MGDS,up,true,200,9056,11.579440116882324,2026-08-31T19:18:47+0000,2026-08-31T19:22:31+0000,8979,22.611427307128906,2026-08-31T18:59:47+0000,2026-08-31T19:22:31+0000,7853,0.5971944332122803,2026-08-31T16:09:16Z,2026-08-31T19:22:31Z,2026-10-06T11:59:40+0000
